timestamp, index, name, memory.used [MiB], memory.free [MiB], utilization.gpu [%]
2026/08/10 16:09:43.204, 0, NVIDIA A100-PCIE-40GB, 0 MiB, 40339 MiB, 0 %
2026/08/10 16:09:43.207, 1, Tesla T4, 2 MiB, 14928 MiB, 0 %
2026/08/10 16:09:44.210, 0, NVIDIA A100-PCIE-40GB, 0 MiB, 40339 MiB, 0 %
2026/08/10 16:09:44.212, 1, Tesla T4, 2 MiB, 14928 MiB, 0 %
2026/08/10 16:09:45.214, 0, NVIDIA A100-PCIE-40GB, 0 MiB, 40339 MiB, 0 %
2026/08/10 16:09:45.216, 1, Tesla T4, 2 MiB, 14928 MiB, 0 %
2026/08/10 16:09:46.218, 0, NVIDIA A100-PCIE-40GB, 0 MiB, 40339 MiB, 0 %
2026/08/10 16:09:46.220, 1, Tesla T4, 2 MiB, 14928 MiB, 0 %
2026/08/10 16:09:47.222, 0, NVIDIA A100-PCIE-40GB, 0 MiB, 40339 MiB, 0 %
2026/08/10 16:09:47.224, 1, Tesla T4, 2 MiB, 14928 MiB, 0 %
2026/08/10 16:09:48.226, 0, NVIDIA A100-PCIE-40GB, 0 MiB, 40339 MiB, 0 %
2026/08/10 16:09:48.228, 1, Tesla T4, 2 MiB, 14928 MiB, 0 %
2026/08/10 16:09:49.230, 0, NVIDIA A100-PCIE-40GB, 0 MiB, 40339 MiB, 0 %
2026/08/10 16:09:49.232, 1, Tesla T4, 2 MiB, 14928 MiB, 0 %
2026/08/10 16:09:50.234, 0, NVIDIA A100-PCIE-40GB, 0 MiB, 40339 MiB, 0 %
2026/08/10 16:09:50.236, 1, Tesla T4, 2 MiB, 14928 MiB, 0 %
2026/08/10 16:09:51.238, 0, NVIDIA A100-PCIE-40GB, 3 MiB, 40335 MiB, 0 %
2026/08/10 16:09:51.240, 1, Tesla T4, 2 MiB, 14928 MiB, 0 %
2026/08/10 16:09:52.243, 0, NVIDIA A100-PCIE-40GB, 3 MiB, 40335 MiB, 0 %
2026/08/10 16:09:52.244, 1, Tesla T4, 2 MiB, 14928 MiB, 0 %
2026/08/10 16:09:53.247, 0, NVIDIA A100-PCIE-40GB, 3 MiB, 40335 MiB, 0 %
2026/08/10 16:09:53.249, 1, Tesla T4, 2 MiB, 14928 MiB, 0 %
2026/08/10 16:09:54.251, 0, NVIDIA A100-PCIE-40GB, 3 MiB, 40335 MiB, 0 %
2026/08/10 16:09:54.253, 1, Tesla T4, 2 MiB, 14928 MiB, 0 %
2026/08/10 16:09:55.255, 0, NVIDIA A100-PCIE-40GB, 3 MiB, 40335 MiB, 0 %
2026/08/10 16:09:55.257, 1, Tesla T4, 2 MiB, 14928 MiB, 0 %
2026/08/10 16:09:56.259, 0, NVIDIA A100-PCIE-40GB, 3 MiB, 40335 MiB, 0 %
2026/08/10 16:09:56.261, 1, Tesla T4, 2 MiB, 14928 MiB, 0 %
2026/08/10 16:09:57.263, 0, NVIDIA A100-PCIE-40GB, 3 MiB, 40335 MiB, 0 %
2026/08/10 16:09:57.265, 1, Tesla T4, 2 MiB, 14928 MiB, 0 %
2026/08/10 16:09:58.268, 0, NVIDIA A100-PCIE-40GB, 0 MiB, 40339 MiB, 0 %
2026/08/10 16:09:58.269, 1, Tesla T4, 2 MiB, 14928 MiB, 0 %
2026/08/10 16:09:59.271, 0, NVIDIA A100-PCIE-40GB, 0 MiB, 40339 MiB, 0 %
2026/08/10 16:09:59.272, 1, Tesla T4, 2 MiB, 14928 MiB, 0 %
2026/08/10 16:10:00.274, 0, NVIDIA A100-PCIE-40GB, 0 MiB, 40339 MiB, 0 %
2026/08/10 16:10:00.278, 1, Tesla T4, 2 MiB, 14928 MiB, 0 %
2026/08/10 16:10:01.281, 0, NVIDIA A100-PCIE-40GB, 0 MiB, 40339 MiB, 0 %
2026/08/10 16:10:01.284, 1, Tesla T4, 2 MiB, 14928 MiB, 0 %
2026/08/10 16:10:02.287, 0, NVIDIA A100-PCIE-40GB, 0 MiB, 40339 MiB, 0 %
2026/08/10 16:10:02.291, 1, Tesla T4, 2 MiB, 14928 MiB, 0 %
2026/08/10 16:10:03.293, 0, NVIDIA A100-PCIE-40GB, 0 MiB, 40339 MiB, 0 %
2026/08/10 16:10:03.297, 1, Tesla T4, 2 MiB, 14928 MiB, 0 %
2026/08/10 16:10:04.300, 0, NVIDIA A100-PCIE-40GB, 0 MiB, 40339 MiB, 0 %
2026/08/10 16:10:04.304, 1, Tesla T4, 2 MiB, 14928 MiB, 0 %
2026/08/10 16:10:05.307, 0, NVIDIA A100-PCIE-40GB, 0 MiB, 40339 MiB, 0 %
2026/08/10 16:10:05.311, 1, Tesla T4, 2 MiB, 14928 MiB, 0 %
2026/08/10 16:10:06.313, 0, NVIDIA A100-PCIE-40GB, 0 MiB, 40339 MiB, 0 %
2026/08/10 16:10:06.317, 1, Tesla T4, 2 MiB, 14928 MiB, 0 %
2026/08/10 16:10:07.320, 0, NVIDIA A100-PCIE-40GB, 894 MiB, 39444 MiB, 0 %
2026/08/10 16:10:07.323, 1, Tesla T4, 2 MiB, 14928 MiB, 0 %
2026/08/10 16:10:08.325, 0, NVIDIA A100-PCIE-40GB, 2768 MiB, 37570 MiB, 13 %
2026/08/10 16:10:08.328, 1, Tesla T4, 2 MiB, 14928 MiB, 0 %
2026/08/10 16:10:09.331, 0, NVIDIA A100-PCIE-40GB, 7830 MiB, 32508 MiB, 100 %
2026/08/10 16:10:09.335, 1, Tesla T4, 2 MiB, 14928 MiB, 0 %
2026/08/10 16:10:10.337, 0, NVIDIA A100-PCIE-40GB, 7830 MiB, 32508 MiB, 0 %
2026/08/10 16:10:10.340, 1, Tesla T4, 2 MiB, 14928 MiB, 0 %
2026/08/10 16:10:11.343, 0, NVIDIA A100-PCIE-40GB, 7830 MiB, 32508 MiB, 0 %
2026/08/10 16:10:11.345, 1, Tesla T4, 2 MiB, 14928 MiB, 0 %
2026/08/10 16:10:12.347, 0, NVIDIA A100-PCIE-40GB, 7830 MiB, 32508 MiB, 0 %
2026/08/10 16:10:12.351, 1, Tesla T4, 2 MiB, 14928 MiB, 0 %
2026/08/10 16:10:13.353, 0, NVIDIA A100-PCIE-40GB, 7830 MiB, 32508 MiB, 0 %
2026/08/10 16:10:13.356, 1, Tesla T4, 2 MiB, 14928 MiB, 0 %
2026/08/10 16:10:14.359, 0, NVIDIA A100-PCIE-40GB, 7830 MiB, 32508 MiB, 0 %
2026/08/10 16:10:14.362, 1, Tesla T4, 2 MiB, 14928 MiB, 0 %
2026/08/10 16:10:15.365, 0, NVIDIA A100-PCIE-40GB, 7830 MiB, 32508 MiB, 0 %
2026/08/10 16:10:15.368, 1, Tesla T4, 2 MiB, 14928 MiB, 0 %
2026/08/10 16:10:16.371, 0, NVIDIA A100-PCIE-40GB, 7830 MiB, 32508 MiB, 0 %
2026/08/10 16:10:16.374, 1, Tesla T4, 2 MiB, 14928 MiB, 0 %
2026/08/10 16:10:17.377, 0, NVIDIA A100-PCIE-40GB, 7830 MiB, 32508 MiB, 0 %
2026/08/10 16:10:17.378, 1, Tesla T4, 2 MiB, 14928 MiB, 0 %
2026/08/10 16:10:18.381, 0, NVIDIA A100-PCIE-40GB, 7830 MiB, 32508 MiB, 0 %
2026/08/10 16:10:18.382, 1, Tesla T4, 2 MiB, 14928 MiB, 0 %
2026/08/10 16:10:19.384, 0, NVIDIA A100-PCIE-40GB, 7830 MiB, 32508 MiB, 0 %
2026/08/10 16:10:19.386, 1, Tesla T4, 2 MiB, 14928 MiB, 0 %
2026/08/10 16:10:20.388, 0, NVIDIA A100-PCIE-40GB, 7830 MiB, 32508 MiB, 0 %
2026/08/10 16:10:20.392, 1, Tesla T4, 2 MiB, 14928 MiB, 0 %
2026/08/10 16:10:21.394, 0, NVIDIA A100-PCIE-40GB, 7830 MiB, 32508 MiB, 0 %
2026/08/10 16:10:21.398, 1, Tesla T4, 2 MiB, 14928 MiB, 0 %
2026/08/10 16:10:22.401, 0, NVIDIA A100-PCIE-40GB, 7830 MiB, 32508 MiB, 0 %
2026/08/10 16:10:22.404, 1, Tesla T4, 2 MiB, 14928 MiB, 0 %
2026/08/10 16:10:23.407, 0, NVIDIA A100-PCIE-40GB, 7830 MiB, 32508 MiB, 0 %
2026/08/10 16:10:23.410, 1, Tesla T4, 2 MiB, 14928 MiB, 0 %
2026/08/10 16:10:24.413, 0, NVIDIA A100-PCIE-40GB, 7830 MiB, 32508 MiB, 0 %
2026/08/10 16:10:24.417, 1, Tesla T4, 2 MiB, 14928 MiB, 0 %
2026/08/10 16:10:25.419, 0, NVIDIA A100-PCIE-40GB, 7830 MiB, 32508 MiB, 0 %
2026/08/10 16:10:25.423, 1, Tesla T4, 2 MiB, 14928 MiB, 0 %
2026/08/10 16:10:26.426, 0, NVIDIA A100-PCIE-40GB, 7830 MiB, 32508 MiB, 0 %
2026/08/10 16:10:26.430, 1, Tesla T4, 2 MiB, 14928 MiB, 0 %
2026/08/10 16:10:27.432, 0, NVIDIA A100-PCIE-40GB, 7830 MiB, 32508 MiB, 0 %
2026/08/10 16:10:27.436, 1, Tesla T4, 2 MiB, 14928 MiB, 0 %
2026/08/10 16:10:28.439, 0, NVIDIA A100-PCIE-40GB, 7830 MiB, 32508 MiB, 0 %
2026/08/10 16:10:28.443, 1, Tesla T4, 2 MiB, 14928 MiB, 0 %
2026/08/10 16:10:29.445, 0, NVIDIA A100-PCIE-40GB, 7830 MiB, 32508 MiB, 0 %
2026/08/10 16:10:29.450, 1, Tesla T4, 2 MiB, 14928 MiB, 0 %
2026/08/10 16:10:30.452, 0, NVIDIA A100-PCIE-40GB, 7830 MiB, 32508 MiB, 0 %
2026/08/10 16:10:30.456, 1, Tesla T4, 2 MiB, 14928 MiB, 0 %
2026/08/10 16:10:31.459, 0, NVIDIA A100-PCIE-40GB, 7830 MiB, 32508 MiB, 0 %
2026/08/10 16:10:31.463, 1, Tesla T4, 2 MiB, 14928 MiB, 0 %
2026/08/10 16:10:32.465, 0, NVIDIA A100-PCIE-40GB, 7830 MiB, 32508 MiB, 0 %
2026/08/10 16:10:32.469, 1, Tesla T4, 2 MiB, 14928 MiB, 0 %
2026/08/10 16:10:33.472, 0, NVIDIA A100-PCIE-40GB, 7830 MiB, 32508 MiB, 0 %
2026/08/10 16:10:33.476, 1, Tesla T4, 2 MiB, 14928 MiB, 0 %
2026/08/10 16:10:34.478, 0, NVIDIA A100-PCIE-40GB, 7830 MiB, 32508 MiB, 0 %
2026/08/10 16:10:34.482, 1, Tesla T4, 2 MiB, 14928 MiB, 0 %
2026/08/10 16:10:35.485, 0, NVIDIA A100-PCIE-40GB, 7830 MiB, 32508 MiB, 0 %
2026/08/10 16:10:35.489, 1, Tesla T4, 2 MiB, 14928 MiB, 0 %
2026/08/10 16:10:36.491, 0, NVIDIA A100-PCIE-40GB, 7830 MiB, 32508 MiB, 0 %
2026/08/10 16:10:36.493, 1, Tesla T4, 2 MiB, 14928 MiB, 0 %
2026/08/10 16:10:37.495, 0, NVIDIA A100-PCIE-40GB, 7830 MiB, 32508 MiB, 0 %
2026/08/10 16:10:37.497, 1, Tesla T4, 2 MiB, 14928 MiB, 0 %
2026/08/10 16:10:38.499, 0, NVIDIA A100-PCIE-40GB, 7830 MiB, 32508 MiB, 0 %
2026/08/10 16:10:38.501, 1, Tesla T4, 2 MiB, 14928 MiB, 0 %
2026/08/10 16:10:39.503, 0, NVIDIA A100-PCIE-40GB, 7830 MiB, 32508 MiB, 0 %
2026/08/10 16:10:39.504, 1, Tesla T4, 2 MiB, 14928 MiB, 0 %
2026/08/10 16:10:40.507, 0, NVIDIA A100-PCIE-40GB, 7830 MiB, 32508 MiB, 0 %
2026/08/10 16:10:40.508, 1, Tesla T4, 2 MiB, 14928 MiB, 0 %
2026/08/10 16:10:41.510, 0, NVIDIA A100-PCIE-40GB, 7830 MiB, 32508 MiB, 0 %
2026/08/10 16:10:41.514, 1, Tesla T4, 2 MiB, 14928 MiB, 0 %
2026/08/10 16:10:42.516, 0, NVIDIA A100-PCIE-40GB, 7830 MiB, 32508 MiB, 0 %
2026/08/10 16:10:42.519, 1, Tesla T4, 2 MiB, 14928 MiB, 0 %
2026/08/10 16:10:43.522, 0, NVIDIA A100-PCIE-40GB, 7830 MiB, 32508 MiB, 0 %
2026/08/10 16:10:43.525, 1, Tesla T4, 2 MiB, 14928 MiB, 0 %
2026/08/10 16:10:44.527, 0, NVIDIA A100-PCIE-40GB, 7830 MiB, 32508 MiB, 0 %
2026/08/10 16:10:44.531, 1, Tesla T4, 2 MiB, 14928 MiB, 0 %
2026/08/10 16:10:45.533, 0, NVIDIA A100-PCIE-40GB, 7830 MiB, 32508 MiB, 0 %
2026/08/10 16:10:45.537, 1, Tesla T4, 2 MiB, 14928 MiB, 0 %
2026/08/10 16:10:46.539, 0, NVIDIA A100-PCIE-40GB, 7830 MiB, 32508 MiB, 0 %
2026/08/10 16:10:46.543, 1, Tesla T4, 2 MiB, 14928 MiB, 0 %
2026/08/10 16:10:47.545, 0, NVIDIA A100-PCIE-40GB, 7830 MiB, 32508 MiB, 0 %
2026/08/10 16:10:47.549, 1, Tesla T4, 2 MiB, 14928 MiB, 0 %
2026/08/10 16:10:48.552, 0, NVIDIA A100-PCIE-40GB, 7830 MiB, 32508 MiB, 0 %
2026/08/10 16:10:48.555, 1, Tesla T4, 2 MiB, 14928 MiB, 0 %
2026/08/10 16:10:49.558, 0, NVIDIA A100-PCIE-40GB, 7830 MiB, 32508 MiB, 0 %
2026/08/10 16:10:49.563, 1, Tesla T4, 2 MiB, 14928 MiB, 0 %
2026/08/10 16:10:50.565, 0, NVIDIA A100-PCIE-40GB, 7830 MiB, 32508 MiB, 0 %
2026/08/10 16:10:50.569, 1, Tesla T4, 2 MiB, 14928 MiB, 0 %
2026/08/10 16:10:51.571, 0, NVIDIA A100-PCIE-40GB, 7830 MiB, 32508 MiB, 0 %
2026/08/10 16:10:51.575, 1, Tesla T4, 2 MiB, 14928 MiB, 0 %
2026/08/10 16:10:52.578, 0, NVIDIA A100-PCIE-40GB, 7830 MiB, 32508 MiB, 0 %
2026/08/10 16:10:52.582, 1, Tesla T4, 2 MiB, 14928 MiB, 0 %
2026/08/10 16:10:53.584, 0, NVIDIA A100-PCIE-40GB, 7830 MiB, 32508 MiB, 0 %
2026/08/10 16:10:53.589, 1, Tesla T4, 2 MiB, 14928 MiB, 0 %
2026/08/10 16:10:54.591, 0, NVIDIA A100-PCIE-40GB, 7830 MiB, 32508 MiB, 0 %
2026/08/10 16:10:54.595, 1, Tesla T4, 2 MiB, 14928 MiB, 0 %
2026/08/10 16:10:55.598, 0, NVIDIA A100-PCIE-40GB, 7830 MiB, 32508 MiB, 0 %
2026/08/10 16:10:55.599, 1, Tesla T4, 2 MiB, 14928 MiB, 0 %
2026/08/10 16:10:56.602, 0, NVIDIA A100-PCIE-40GB, 7830 MiB, 32508 MiB, 0 %
2026/08/10 16:10:56.603, 1, Tesla T4, 2 MiB, 14928 MiB, 0 %
2026/08/10 16:10:57.605, 0, NVIDIA A100-PCIE-40GB, 7830 MiB, 32508 MiB, 0 %
2026/08/10 16:10:57.607, 1, Tesla T4, 2 MiB, 14928 MiB, 0 %
2026/08/10 16:10:58.609, 0, NVIDIA A100-PCIE-40GB, 7830 MiB, 32508 MiB, 0 %
2026/08/10 16:10:58.610, 1, Tesla T4, 2 MiB, 14928 MiB, 0 %
2026/08/10 16:10:59.613, 0, NVIDIA A100-PCIE-40GB, 7830 MiB, 32508 MiB, 0 %
2026/08/10 16:10:59.614, 1, Tesla T4, 2 MiB, 14928 MiB, 0 %
2026/08/10 16:11:00.616, 0, NVIDIA A100-PCIE-40GB, 7830 MiB, 32508 MiB, 0 %
2026/08/10 16:11:00.617, 1, Tesla T4, 2 MiB, 14928 MiB, 0 %
2026/08/10 16:11:01.620, 0, NVIDIA A100-PCIE-40GB, 7830 MiB, 32508 MiB, 0 %
2026/08/10 16:11:01.623, 1, Tesla T4, 2 MiB, 14928 MiB, 0 %
2026/08/10 16:11:02.626, 0, NVIDIA A100-PCIE-40GB, 7830 MiB, 32508 MiB, 0 %
2026/08/10 16:11:02.629, 1, Tesla T4, 2 MiB, 14928 MiB, 0 %
2026/08/10 16:11:03.632, 0, NVIDIA A100-PCIE-40GB, 7830 MiB, 32508 MiB, 0 %
2026/08/10 16:11:03.635, 1, Tesla T4, 2 MiB, 14928 MiB, 0 %
2026/08/10 16:11:04.638, 0, NVIDIA A100-PCIE-40GB, 7830 MiB, 32508 MiB, 0 %
2026/08/10 16:11:04.642, 1, Tesla T4, 2 MiB, 14928 MiB, 0 %
2026/08/10 16:11:05.644, 0, NVIDIA A100-PCIE-40GB, 7830 MiB, 32508 MiB, 0 %
2026/08/10 16:11:05.649, 1, Tesla T4, 2 MiB, 14928 MiB, 0 %
2026/08/10 16:11:06.651, 0, NVIDIA A100-PCIE-40GB, 7830 MiB, 32508 MiB, 0 %
2026/08/10 16:11:06.655, 1, Tesla T4, 2 MiB, 14928 MiB, 0 %
2026/08/10 16:11:07.657, 0, NVIDIA A100-PCIE-40GB, 7830 MiB, 32508 MiB, 0 %
2026/08/10 16:11:07.661, 1, Tesla T4, 2 MiB, 14928 MiB, 0 %
2026/08/10 16:11:08.664, 0, NVIDIA A100-PCIE-40GB, 7830 MiB, 32508 MiB, 0 %
2026/08/10 16:11:08.668, 1, Tesla T4, 2 MiB, 14928 MiB, 0 %
2026/08/10 16:11:09.670, 0, NVIDIA A100-PCIE-40GB, 7830 MiB, 32508 MiB, 0 %
2026/08/10 16:11:09.674, 1, Tesla T4, 2 MiB, 14928 MiB, 0 %
2026/08/10 16:11:10.677, 0, NVIDIA A100-PCIE-40GB, 7830 MiB, 32508 MiB, 0 %
2026/08/10 16:11:10.681, 1, Tesla T4, 2 MiB, 14928 MiB, 0 %
2026/08/10 16:11:11.683, 0, NVIDIA A100-PCIE-40GB, 7830 MiB, 32508 MiB, 0 %
2026/08/10 16:11:11.687, 1, Tesla T4, 2 MiB, 14928 MiB, 0 %
2026/08/10 16:11:12.690, 0, NVIDIA A100-PCIE-40GB, 7830 MiB, 32508 MiB, 0 %
2026/08/10 16:11:12.694, 1, Tesla T4, 2 MiB, 14928 MiB, 0 %
2026/08/10 16:11:13.696, 0, NVIDIA A100-PCIE-40GB, 7830 MiB, 32508 MiB, 0 %
2026/08/10 16:11:13.698, 1, Tesla T4, 2 MiB, 14928 MiB, 0 %
2026/08/10 16:11:14.700, 0, NVIDIA A100-PCIE-40GB, 7830 MiB, 32508 MiB, 0 %
2026/08/10 16:11:14.701, 1, Tesla T4, 2 MiB, 14928 MiB, 0 %
2026/08/10 16:11:15.704, 0, NVIDIA A100-PCIE-40GB, 7830 MiB, 32508 MiB, 0 %
2026/08/10 16:11:15.705, 1, Tesla T4, 2 MiB, 14928 MiB, 0 %
